target	chi_square	residual_norm	success	iterations	target_callable_snps	min_effective_f4_snps	median_effective_f4_snps	min_effective_f4_blocks
Czechia_EBA_CordedWare:I6695.AG	11.427974850119375	0.0025473177238521097	True	2	208208	75677	202445.5	707
Czechia_EBA_CordedWare:I6696.AG	15.770551765854254	0.00186544031432265	True	2	211486	76618	205629.5	707
Czechia_EBA_CordedWare:I7207.AG	6.9464866852944605	0.0013763282076004206	True	2	194735	71643	189521.5	707
Czechia_EBA_CordedWare:I7208.AG	0.5434798965477542	0.00030288946290708656	True	2	199799	72808	194356.5	707
Czechia_EBA_CordedWare:I7209.AG	5.3225369506087645	0.0013336195673080656	True	2	216458	78179	210322.0	707
Czechia_EBA_CordedWare:I7279.AG	14.391777235821271	0.002811566335427822	True	2	158726	60906	154540.0	707
Czechia_EBA_CordedWare:I7280.AG	0.4417681536091314	0.00026137305557754416	True	2	195258	73149	189881.0	706
Czechia_EBA_CordedWare:CAH005.AG	1.0125522999200438	0.000573823095841207	True	2	169997	63380	165542.5	706
Czechia_EBA_CordedWare:CAH010.AG	1.595536231600677	0.000955461734850333	True	2	197026	70826	191280.0	706
Czechia_EBA_CordedWare:DRO001.AG	4.959608613698398	0.0016786693222222038	True	2	163436	59709	158820.5	706
Czechia_EBA_CordedWare:KO1002.AG	2.867842378281813	0.0007174204934226705	True	2	243360	83473	235820.5	707
Czechia_EBA_CordedWare:KON004.AG	7.141778105685907	0.0016542193626722073	True	2	192956	69217	187457.5	707
Czechia_EBA_CordedWare:OHR002.AG	7.400407234030456	0.002074630130594529	True	2	195374	70918	189675.0	706
Czechia_EBA_CordedWare:PNL001.AG	12.838526752754765	0.002217110090967311	True	2	157061	58304	152863.5	706
Czechia_EBA_CordedWare:PNL002.AG	4.568335835600361	0.0014708944663128227	True	2	204317	72017	198388.0	707
Czechia_EBA_CordedWare:RDV001.AG	5.511055812335762	0.0017003573886272669	True	2	193174	69424	187552.0	707
Czechia_EBA_CordedWare:TRM003.AG	2.8432298281663284	0.0012157226750283856	True	2	195446	70340	189833.0	707
Czechia_EBA_CordedWare:TRM006.AG	1.0805159716692492	0.0004339238280712526	True	2	205373	72950	199307.0	706
Czechia_EBA_CordedWare:VLI007.AG	3.9348723576300886	0.0014662278916882847	True	2	203922	73479	198194.0	706
Czechia_EBA_CordedWare:VLI010.AG	5.481244556705194	0.0016557170752611488	True	2	159895	60345	155559.0	706
Czechia_EBA_CordedWare:VLI011.AG	3.687054744362434	0.0012608591840891842	True	2	167745	63364	163268.0	707
Czechia_EBA_CordedWare:VLI016.AG	2.244640414427485	0.0008057481969426193	True	2	169108	63124	164542.0	706
Czechia_EBA_CordedWare:VLI017.AG	4.484782826175353	0.0014307517707102377	True	2	169395	63711	164793.0	706
Czechia_EBA_CordedWare:VLI020.AG	11.157172495384149	0.001918543561284717	True	2	158468	59822	154273.5	706
Czechia_EBA_CordedWare:VLI067.AG	2.0980490476287166	0.0010784700936810436	True	2	180938	67220	176020.5	706
Czechia_EBA_CordedWare:VLI071.AG	5.2568312968185085	0.0018814397435172588	True	2	192506	69121	186932.5	707
Czechia_EBA_CordedWare:VLI076.AG	5.112610811724074	0.001234712096956521	True	2	183902	66437	178626.5	706
Czechia_EBA_CordedWare:VLI092.AG	2.240314261970092	0.0008313286276009598	True	2	186684	68355	181341.5	706
Sardinian:HGDP00666.HO	0.7676151283845813	0.00035904824772486964	True	2	276084	89272	265556.0	707
Sardinian:HGDP00667.HO	11.553137216400726	0.0018111901694290247	True	2	276528	89413	265982.5	707
Sardinian:HGDP00668.HO	2.1053570789686042	0.0008196331747549348	True	2	276530	89410	265978.5	707
Sardinian:HGDP00669.HO	3.0887434796219218	0.0008058567778325142	True	2	276577	89427	266029.0	707
Sardinian:HGDP00670.HO	10.625468905950466	0.0014679569245233989	True	2	276380	89360	265835.0	707
Sardinian:HGDP00671.HO	2.280869804196345	0.0005486788307490516	True	2	276678	89456	266121.5	707
Sardinian:HGDP00672.HO	6.17024835393311	0.0010813448742016817	True	2	276277	89308	265736.5	707
Sardinian:HGDP00673.HO	2.3240489013801833	0.0006986724847541978	True	2	276450	89373	265906.5	707
Sardinian:HGDP00674.HO	1.9364023173094096	0.0005226352425512227	True	2	276293	89338	265756.0	707
Orcadian:HGDP00794.HO	5.425832137678965	0.0009445828777602309	True	2	276511	89402	265961.0	707
Orcadian:HGDP00796.HO	7.1721104278982635	0.001309279124766157	True	2	275884	89214	265370.5	707
Orcadian:HGDP00797.HO	1.3895229363907966	0.00036147714151563143	True	2	276571	89419	266024.0	707
Orcadian:HGDP00798.HO	8.368788697693713	0.0010358721163767188	True	2	276505	89404	265950.5	707
Orcadian:HGDP00799.HO	17.372101133887817	0.0012501129203691902	True	2	276036	89256	265514.0	707
Orcadian:HGDP00800.HO	9.05978292407714	0.0008991551668419003	True	2	276419	89365	265872.5	707
Orcadian:HGDP00802.HO	8.647067964690814	0.0008486291308367007	True	2	276324	89356	265791.5	707
Orcadian:HGDP00803.HO	5.248723572137866	0.000835270851900254	False	2	276194	89311	265660.5	707
Orcadian:HGDP00805.HO	12.001337026762675	0.0011859037494667975	False	2	276528	89412	265977.5	707
Orcadian:HGDP00806.HO	11.104514824639182	0.001157058056515784	False	2	276598	89423	266044.5	707
Orcadian:HGDP00807.HO	2.3243290756211303	0.0006126877449511515	True	2	276637	89442	266081.5	707
Orcadian:HGDP00808.HO	4.720552454138012	0.0009816215192804097	True	2	276614	89434	266061.5	707
Orcadian:HGDP00810.HO	6.821365008037699	0.0010072614369356612	True	2	276425	89391	265880.0	707
Sardinian:HGDP01062.HO	1.862101031098782	0.0005794393993426394	True	2	276552	89408	266000.5	707
Sardinian:HGDP01063.HO	1.4208424554226997	0.0005740196592535155	True	2	276617	89446	266062.5	707
Sardinian:HGDP01064.HO	5.19018275196669	0.0008797887446248093	True	2	276436	89375	265891.0	707
Sardinian:HGDP01065.HO	3.2472280046638335	0.000848157446340408	True	2	276642	89450	266086.5	707
Sardinian:HGDP01066.HO	7.634084197888535	0.001543294970022195	True	2	276651	89453	266094.5	707
Sardinian:HGDP01067.HO	1.8730479283180044	0.0004764062766609966	True	2	276158	89278	265629.5	707
Sardinian:HGDP01068.HO	0.7936220811852912	0.0004972913991722769	True	2	276346	89336	265805.0	707
Sardinian:HGDP01069.HO	0.404094271649158	0.00018343048332083582	True	2	276569	89417	266023.0	707
Sardinian:HGDP01070.HO	2.3588772819561763	0.0006416747505596089	True	2	276385	89348	265838.5	707
Sardinian:HGDP01071.HO	1.436932918884366	0.0004844843365406916	True	2	276069	89281	265547.5	707
Sardinian:HGDP01072.HO	1.9711278937683854	0.0006156697345109253	True	2	276441	89368	265892.0	707
Sardinian:HGDP01073.HO	3.5805312680156702	0.0008970827559193504	True	2	276650	89451	266095.5	707
Sardinian:HGDP01074.HO	2.9633010558752937	0.000537705086494025	True	2	276423	89383	265877.5	707
Sardinian:HGDP01075.HO	2.074344262365335	0.0005181932295567473	True	2	276588	89431	266036.0	707
Sardinian:HGDP01076.HO	1.9683273223970792	0.0006980310444119407	True	2	275717	89152	265206.0	707
Sardinian:HGDP01077.HO	0.9920990435971756	0.0003349777618982777	True	2	276672	89455	266116.0	707
Sardinian:HGDP01078.HO	6.944014814672087	0.0008265505066396845	True	2	275847	89186	265337.5	707
Sardinian:HGDP01079.HO	4.575275058571358	0.0012263659505801089	True	2	276655	89447	266098.5	707
Icelandic:NA15762.HO	15.228226106598763	0.0014524268959084815	True	2	276200	89307	265665.5	707
Greek:NA17373.HO	4.107301829980285	0.0009257553871704058	True	2	276087	89261	265557.0	707
Icelandic:NA15755.HO	11.656044404290881	0.001374910278859876	True	2	276514	89417	265963.5	707
Icelandic:NA15763.HO	6.435680539142323	0.0009266366191376846	True	2	276270	89335	265730.0	707
Icelandic:NA15756.HO	5.705649906416641	0.0008285983248094127	True	2	276426	89372	265881.5	707
Icelandic:NA15764.HO	7.333432228923553	0.0008938100483295784	True	2	276367	89366	265824.0	707
Greek:NA17375.HO	5.2945901253163825	0.0010163431917858063	True	2	276395	89368	265849.0	707
Icelandic:NA15757.HO	6.6479425325272565	0.000793853069411431	True	2	276467	89397	265921.0	707
Icelandic:NA15765.HO	7.70876081404043	0.0011536342998684705	True	2	276376	89369	265838.0	707
Greek:NA17376.HO	2.3039101026418827	0.0004462679097405517	True	2	276334	89343	265790.0	707
Icelandic:NA15758.HO	4.0410006204483295	0.0007947894001887406	True	2	276520	89399	265966.5	707
Icelandic:NA15766.HO	5.953185649680167	0.0011625805588104062	True	2	276423	89382	265874.5	707
Icelandic:NA15759.HO	4.407035577370527	0.0006420548184079881	True	2	276498	89411	265950.5	707
Icelandic:NA15760.HO	6.480462474876324	0.0009960924503972944	True	2	276360	89375	265820.5	707
Icelandic:NA15761.HO	3.4462720399715834	0.0005904122759649298	True	2	276438	89378	265889.5	707
Greek:NA17372.HO	4.431733678805391	0.0011397160811747703	True	2	276511	89406	265957.5	707
Sicilian:TP08.HO	6.54651653635613	0.0010386471606755657	True	2	275999	89233	265464.0	707
Greek:GREEKGRALPOP18.HO	3.4528679398024904	0.000780292154050708	True	2	275577	89135	265080.0	707
Sicilian:SR23.HO	8.97707281973868	0.0014814228076692566	True	2	276185	89311	265647.5	707
Sicilian:TP05.HO	4.015718321717666	0.0011434406373002294	True	2	276324	89353	265784.0	707
Sicilian:SR60.HO	2.438245152233053	0.0008436854516263663	True	2	276293	89337	265754.0	707
Sicilian:TP06.HO	4.994439315169559	0.0008585666440432938	True	2	276306	89340	265765.0	707
Greek:GREEKGRALPOP13.HO	3.3094743129472217	0.0004515709460698645	True	2	276237	89319	265706.0	707
Sicilian:TP07.HO	14.659465996592548	0.0017004641990754138	True	2	276340	89361	265798.0	707
Greek:GREEKGRALPOP15.HO	6.6431101263456895	0.0011030968190111202	True	2	276198	89308	265661.5	707
Greek:GREEKGRALPOP5.HO	2.4512399364024384	0.0006229529279095421	True	2	276237	89329	265703.5	707
Greek:GREEKGRALPOP9.HO	10.476351040890362	0.0011947283934680122	False	2	276233	89319	265698.0	707
Sicilian:TP04.HO	1.7690421664429208	0.0007506573073408459	True	2	276371	89355	265830.5	707
Sicilian:TP25.HO	4.478580796720946	0.0008872659061023495	True	2	276391	89362	265843.0	707
Greek:GREEKGRALPOP4.HO	0.321933357646883	0.00024516794474929135	True	2	276389	89393	265849.0	707
Sicilian:SR48R.HO	2.443637665558566	0.0007518316496449209	True	2	276445	89398	265898.5	707
Sicilian:SR44.HO	8.180417239728435	0.001649913321440346	True	2	276425	89385	265878.5	707
Sicilian:SR64.HO	5.657445132997951	0.0012578767438970577	True	2	276445	89406	265900.0	707
Greek:GREEKGRALPOP17.HO	7.936155643132549	0.0015038528849173434	True	2	276404	89379	265859.0	707
Greek:GREEKGRALPOP16.HO	8.965741207537691	0.001573122093619631	True	2	276412	89389	265871.5	707
Greek:GREEKGRALPOP11.HO	0.8818021938498868	0.00030732268599347563	True	2	276282	89341	265739.5	707
Greek:GREEKGRALPOP10.HO	6.327144291137474	0.0013217082949999927	True	2	276285	89333	265744.0	707
Greek:GREEKGRALPOP3.HO	1.984117365786221	0.0003479469505072827	True	2	276472	89410	265924.0	707
Greek:GREEKGRALPOP8.HO	3.9142761211759827	0.0008040848770600652	True	2	276424	89380	265884.0	707
Greek:GREEKGRALPOP12.HO	5.685891942793317	0.0008616568894323823	True	2	276511	89421	265962.0	707
Greek:GREEKGRALPOP14.HO	3.596778327204059	0.0007290773824451708	True	2	276486	89379	265939.5	707
Czechia_EBA_CordedWare:I6696.SG	5.5355646738898745	0.0009495620789737632	False	2	268361	87659	258388.0	707
Sardinian:B_Sardinian-3.DG	1.650497797952424	0.0006266877274321999	True	2	273064	88467	262826.0	707
Greek:S_Greek-2.DG	3.5379278809512513	0.0005421014208554418	True	2	272932	88432	262693.5	707
Icelandic:S_Icelandic-1.DG	2.8413904422817726	0.0005328875775636003	True	2	272897	88418	262650.0	707
Icelandic:S_Icelandic-2.DG	7.854790653102253	0.0010624229155682251	True	2	273085	88470	262830.0	707
Orcadian:S_Orcadian-1.DG	7.657665348154585	0.0010157564988496105	True	2	273080	88480	262839.5	707
Orcadian:S_Orcadian-2.DG	9.21466706267017	0.0015152765271864545	True	2	273016	88469	262762.0	707
Sardinian:S_Sardinian-1.DG	3.7654161073025327	0.001148577725189314	True	2	272949	88406	262696.0	707
Sardinian:S_Sardinian-2.DG	6.653130884908028	0.0008529290610214887	True	2	272992	88453	262753.0	707
Sardinian:HGDP00665.DG	3.9269286919497066	0.0007766392136401828	True	2	264539	85571	254474.0	707
Sardinian:HGDP00666.DG	0.6450098942340335	0.0003848837768294747	True	2	266899	86379	256732.0	707
Sardinian:HGDP00667.DG	11.133780174454932	0.0018697600927017612	True	2	266904	86364	256740.0	707
Sardinian:HGDP00668.DG	2.9526524876860534	0.0009103272821612455	True	2	266415	86212	256274.5	707
Sardinian:HGDP00669.DG	2.387177570134274	0.0008722467759736571	True	2	266976	86373	256808.5	707
Sardinian:HGDP00670.DG	9.767765697713061	0.0014865331020105564	False	2	267415	86530	257223.0	707
Sardinian:HGDP00671.DG	2.153844880308372	0.0005035877850487736	True	2	267303	86493	257115.5	707
Sardinian:HGDP00672.DG	7.547552819066672	0.0011905476347298845	True	2	267095	86428	256922.0	707
Sardinian:HGDP00673.DG	2.9635044894279576	0.000844515238207966	True	2	267011	86399	256840.0	707
Sardinian:HGDP00674.DG	2.702607825059528	0.0006666572666966255	True	2	267169	86440	256985.0	707
Orcadian:HGDP00794.DG	5.934495460097531	0.0009789506339475023	True	2	266908	86368	256734.5	707
Orcadian:HGDP00795.DG	1.3370378688562352	0.00042773091531264244	True	2	267049	86426	256875.5	707
Orcadian:HGDP00796.DG	8.129743527879668	0.0014341525566432525	True	2	267492	86551	257297.5	707
Orcadian:HGDP00797.DG	2.234255289230845	0.0004582456736607581	True	2	266873	86351	256712.0	707
Orcadian:HGDP00798.DG	6.601051948979636	0.0009951137691021944	True	2	267494	86550	257301.0	707
Orcadian:HGDP00799.DG	17.24589542281083	0.0012202444979371508	False	2	267047	86414	256879.0	707
Orcadian:HGDP00800.DG	11.728835899720453	0.0010381800330302319	False	2	267123	86417	256951.5	707
Orcadian:HGDP00802.DG	9.89274616780073	0.000905564802070786	True	2	267086	86423	256908.5	707
Orcadian:HGDP00803.DG	5.582729381743439	0.0008518334799574211	False	2	266770	86339	256600.5	707
Orcadian:HGDP00804.DG	5.6792622358227245	0.0008948023460204566	True	2	267230	86455	257051.0	707
Orcadian:HGDP00805.DG	14.627490024364324	0.0012236121942307738	False	2	265941	86059	255818.0	707
Orcadian:HGDP00806.DG	12.370752171964169	0.0011541379153144394	False	2	266904	86351	256736.0	707
Orcadian:HGDP00807.DG	3.0703338324149083	0.000546836580958068	True	2	267457	86539	257268.0	707
Orcadian:HGDP00808.DG	4.878348088094688	0.0009287027167264289	True	2	267116	86436	256944.0	707
Orcadian:HGDP00810.DG	5.537659476250921	0.0008994231808592637	True	2	267210	86457	257028.5	707
Sardinian:HGDP01062.DG	2.1228858700632127	0.0006602555762212714	True	2	267159	86438	256981.5	707
Sardinian:HGDP01063.DG	2.672225947378199	0.0008400031482296033	True	2	266976	86369	256807.0	707
Sardinian:HGDP01064.DG	3.619576412477634	0.0007582217751831623	True	2	266953	86394	256776.0	707
Sardinian:HGDP01065.DG	3.5703152543614456	0.0009521677430403134	True	2	267142	86441	256959.5	707
Sardinian:HGDP01066.DG	9.171353068308969	0.0017097038768539858	True	2	267081	86425	256912.0	707
Sardinian:HGDP01067.DG	2.1567390182561312	0.0005994410832697577	True	2	267236	86470	257050.0	707
Sardinian:HGDP01068.DG	0.838316294401206	0.00048664268145017555	True	2	267260	86485	257082.5	707
Sardinian:HGDP01069.DG	0.5233535579025809	0.00020286448337660459	True	2	267129	86428	256953.0	707
Sardinian:HGDP01070.DG	1.951226556374491	0.00046365010919311155	True	2	267256	86477	257077.5	707
Sardinian:HGDP01071.DG	1.223285336971429	0.0004916653859856395	True	2	267406	86528	257214.5	707
Sardinian:HGDP01072.DG	2.1105263891703423	0.0007158073536907625	True	2	267443	86535	257253.5	707
Sardinian:HGDP01073.DG	3.9404710017390556	0.0009136191220597881	True	2	267287	86482	257098.0	707
Sardinian:HGDP01074.DG	2.736631642258507	0.0005288300713772514	True	2	267141	86435	256965.5	707
Sardinian:HGDP01075.DG	1.7040158633628852	0.0005290974298137258	True	2	267188	86442	257007.0	707
Sardinian:HGDP01076.DG	2.1249188095940363	0.0007885287623083045	True	2	266362	86160	256217.5	707
Sardinian:HGDP01077.DG	0.5390108419955545	0.00021288654716820004	True	2	266993	86380	256817.5	707
Sardinian:HGDP01078.DG	5.010912697167782	0.0007173258780567194	True	2	267425	86531	257235.5	707
Sardinian:HGDP01079.DG	5.3049756205662115	0.001375693454782962	True	2	267448	86537	257254.5	707
