target	Turkey_Barcin_Neolithic-DG	Russia_Samara_EBA_Yamnaya	Luxembourg_Loschbour_Mesolithic	Morocco_EN	Georgia_KotiasKlde_Mesolithic	Iran_GanjDareh_N	Jordan_PPNB
Czechia_EBA_CordedWare:I6695.AG	10.12945682758875	17.084272216466978	5.2824140984967904	1.1963593759771556	22245.40019883655	4508.041280643	2300.7733483991133
Czechia_EBA_CordedWare:I6696.AG	7.265767243673817	15.897751482468784	4.849249101869533	0.0	0.0	13645.0604601144	0.4043189510595035
Czechia_EBA_CordedWare:I7207.AG	8.86904204977001	20.44804031361162	2.4683719311830234	2495.854013073965	80.13097102490154	516.2138528981932	121.06802135505475
Czechia_EBA_CordedWare:I7208.AG	4.024429487747101	11.880539538567017	5.449934688817716	3.640026078207161	2.296204066189937	21.140686394490203	172.6881680297423
Czechia_EBA_CordedWare:I7209.AG	6.918775872760348	13.647220350580069	2.7668028995195675	1362.211233705648	2.6186395741073767	2511.8337119086086	2766.3227503887992
Czechia_EBA_CordedWare:I7279.AG	3.1582319131122056	12.199578831976318	4.818499466467007	0.27400133643792524	0.0	3.3825765271871346	224.69227069712153
Czechia_EBA_CordedWare:I7280.AG	2.7366419201706167	15.406271456065951	1.3996298049512734	0.6653512857247745	1.1745719323162418	3757.732555345202	0.28416926481814075
Czechia_EBA_CordedWare:CAH005.AG	2.607394983712963	13.359315978038996	2.739295662103092	0.8097356421176037	1606.5947378571964	1.3894206361219712	0.41139733904733683
Czechia_EBA_CordedWare:CAH010.AG	2.4452251698660503	12.935353245731488	3.451290752734377	0.6708672754479181	0.9950592022642891	0.21598779116127043	0.1677950214196862
Czechia_EBA_CordedWare:DRO001.AG	4.892567444677584	16.607397177015002	3.93887702257478	0.06243477248642321	17542.440021897157	0.03463409064039504	133.42645392807322
Czechia_EBA_CordedWare:KO1002.AG	3.974652767203345	18.646887149160253	2.1015121966414774	0.0	7379.732450464907	0.9014836135148616	0.0
Czechia_EBA_CordedWare:KON004.AG	4.526655343014124	16.97384219196115	2.00572277120854	0.0	1.009273583775735	2838.4346338695154	0.0
Czechia_EBA_CordedWare:OHR002.AG	5.327445970632536	15.577476184987255	3.738710064108436	0.0	0.10052213339271464	0.2825150097032616	0.0
Czechia_EBA_CordedWare:PNL001.AG	0.2796968635546061	24.431675354781568	1.4484035052693671	0.0	11504.14985005341	2.8246521951381613e-10	0.9876104266882922
Czechia_EBA_CordedWare:PNL002.AG	4.572694037897252	11.143177518311203	5.106811450223048	0.08501698983471048	0.0	0.5229102444840943	0.574835030110519
Czechia_EBA_CordedWare:RDV001.AG	4.580227434846472	19.990237157126195	2.216174128718293	0.0	0.03689463685445198	38957.103973711535	0.0
Czechia_EBA_CordedWare:TRM003.AG	1.1042710565227236	23.52784428150638	3.1510583058734745	0.07302334497116912	11360.9316166779	11893.766433674327	1.8281988174343817
Czechia_EBA_CordedWare:TRM006.AG	3.9253688827423776	15.856939492567355	2.8982026224626813	0.0	1.3763637942090432	524.511258998156	0.0
Czechia_EBA_CordedWare:VLI007.AG	3.8206482455494193	27.347558331998584	0.29852829770645584	0.0	6351.718737462769	99.01491626207454	1928.696553973414
Czechia_EBA_CordedWare:VLI010.AG	3.639498127830943	9.994323473221918	5.3830601138808465	0.0	0.8202148188920382	2.019050933079552e-13	1.4064421158646476
Czechia_EBA_CordedWare:VLI011.AG	1.9911919162454523	14.74006246488402	3.202346465563223	0.9213081271872897	0.018736617714575573	0.04991672782742973	0.11964557305640876
Czechia_EBA_CordedWare:VLI016.AG	6.1752737597586504	20.98881609140393	1.6966123297750961	0.0	343021.1935368167	0.008706201798308942	0.0
Czechia_EBA_CordedWare:VLI017.AG	5.7342543392435035	14.002565075096996	2.7365801023489764	532461.3263117732	0.4806699822208373	1.1604085373182909	55414.15308569591
Czechia_EBA_CordedWare:VLI020.AG	2.1793079523046623	11.994921375725196	6.076791593458028	0.0	23499.151164405943	1.4332417383173754	1.339585975955947
Czechia_EBA_CordedWare:VLI067.AG	7.490666361533611	13.404491258030276	3.500055283437112	4.867285906280161e-14	5166.668946366708	1.1941164819117216	2624.1909157681757
Czechia_EBA_CordedWare:VLI071.AG	4.906362414506203	13.558321744257274	3.368536162579624	1.4390767366286676	296.02929060005266	3.117428302333918	0.0
Czechia_EBA_CordedWare:VLI076.AG	0.3957604111931731	19.65735678857978	1.1742146236791866	0.27532537110848354	0.07667548557574766	0.4463984538127794	1837.9433621911426
Czechia_EBA_CordedWare:VLI092.AG	4.551687689420601	8.041037349732807	5.952360941085291	0.4641695890881071	0.0	1.802665454739201	0.8230770129782814
Sardinian:HGDP00666.HO	11.85125015320652	3.074328251137171	5.399140249169061	0.8978563514988853	0.1370460784564104	0.2259838264125762	0.5761611856561238
Sardinian:HGDP00667.HO	27.451315968576846	3.0645501437826828	5.471772808935978	0.5575283201129914	0.000703351381582704	2.6698893971848197	3.6668874570746324e-05
Sardinian:HGDP00668.HO	12.021976866235356	2.7729336512539513	6.5703868802129834	1.4973086893134104	8.293087588167543e-16	0.4314692741531451	1.7539057978074708
Sardinian:HGDP00669.HO	12.293457711304065	0.7680079116445307	8.296689720013827	2.3418143347039497	1.4439320956074967e-13	1.8501143516674183	0.4001002849219807
Sardinian:HGDP00670.HO	12.892255959017158	1.374894269460186	7.926927244046611	0.8565966992575504	0.015077129682616163	0.8042106858076884	0.3318289197316965
Sardinian:HGDP00671.HO	10.217846739709852	3.4050881670241444	7.0003958096231464	0.865468986247289	7110.4647992937125	2.5438696173665134	1.2805315083477686
Sardinian:HGDP00672.HO	11.42418717521795	3.0690384475818737	5.330978844891587	1.0602558058884028	34761.18744492871	0.8692446958214626	0.41597662988421785
Sardinian:HGDP00673.HO	11.178414569340491	1.8660272521090724	7.4306768416063385	1.143571202607631	2574.083004427304	2.885607659557988	1.712441075022075
Sardinian:HGDP00674.HO	13.978738221297219	1.2174228971658445	6.323468829021743	132480.00254773095	8313.711242011012	2.288516547603618	0.7755874071861552
Orcadian:HGDP00794.HO	9.602178860661471	14.524307381234	4.891448620042153	0.5222535280138555	13050.468944562257	1.4355223297046205	0.0
Orcadian:HGDP00796.HO	16.48209793470804	12.458475386802709	8.736244159851283	4446.896544327566	97385.10814332581	0.6780589239076983	12.771548371480872
Orcadian:HGDP00797.HO	7.3844048360698	13.210456319208202	7.083070300725373	98903.1877464978	18759.539713976254	0.49539397968083515	0.18699478570694728
Orcadian:HGDP00798.HO	7.639261882874005	13.415625897206624	5.11130166456845	0.0	18054.338491152543	0.10643569153045714	0.5258390470706308
Orcadian:HGDP00799.HO	19.564884892117036	18.706691621689735	5.751089648013968	0.007505568641710134	0.01383254886033076	2306.561075081397	3256.7459554239067
Orcadian:HGDP00800.HO	18.134082370438215	21.00377855590432	6.678233612620923	2966.739435448516	1893.645273876063	0.0	1020.8146524811979
Orcadian:HGDP00802.HO	16.06882960238419	18.547783751067172	4.8388328519269	0.7625302773821518	0.0	2.4648452894974325e-09	0.0
Orcadian:HGDP00803.HO	13.374060869914775	13.02170708303712	6.7186269718445395	0.0	0.0	2.1687689722194365	20.776556158524972
Orcadian:HGDP00805.HO	15.107647179514846	13.442479658219032	8.160375797942036	56192.58125542903	0.17148201741269692	17581.554937140714	0.0
Orcadian:HGDP00806.HO	17.632670157015514	17.052146477776198	9.039892592581706	8431.802322363204	79.06491162012982	2054.2203640133125	97.36119225949764
Orcadian:HGDP00807.HO	16.237912571672542	11.416430800677427	7.0933486974155455	0.0	7215.364966740837	1.4374120438707776	2294.7624465056997
Orcadian:HGDP00808.HO	17.72930172204964	19.34936424318429	6.9874400430229	13015.729423360151	9.738558990795218	2.5640605943659383	287.32263463402796
Orcadian:HGDP00810.HO	14.33266425450402	12.840246455319056	4.870509870274712	0.23502767503885122	1338.4931975102927	2.3064329590315023	291.0068996134893
Sardinian:HGDP01062.HO	9.960521653674574	1.0882743100569843	7.013022958305211	0.1534132809920028	13.184105016136433	2.44765012391418	2.125208984590371
Sardinian:HGDP01063.HO	13.444844427900481	2.0735079343153444	5.62659134330833	0.0	0.0	2.1462258623135395	1.9023156057065873
Sardinian:HGDP01064.HO	13.312979848444051	2.5537141348254435	4.399703503514901	1.1016107702203186	30787.964557627853	1.9213537860788672	0.26282224887149425
Sardinian:HGDP01065.HO	27.30151070291463	1.0018715862110195	6.312763371270578	3.403537937304305	0.0	2.4717172472298117	28.58770379264859
Sardinian:HGDP01066.HO	26.05743193009534	1.612105770793668	6.822108004115642	3.7715575633937455	2435.589390042649	1.2549524290377256	691.3597293784863
Sardinian:HGDP01067.HO	10.460721563674849	0.40803314475599267	8.698811969205886	0.0	1.0656505321739926	0.7765645079477015	2.7924908055918505
Sardinian:HGDP01068.HO	12.544818108783497	0.5728443125697971	7.494784644536145	0.0	0.8457451909892608	0.47203246002061117	2.399428710093946
Sardinian:HGDP01069.HO	12.343987129956181	2.260924308868303	4.982121912261162	1.6099009474233554	96.45996700747423	2.8205220166390412	0.1514671524458498
Sardinian:HGDP01070.HO	24.75458133318987	2.854805343287701	4.596526477127058	2.919286751435997	1695.6204908676207	0.6788341333291841	191.02132899333048
Sardinian:HGDP01071.HO	12.115711163985397	2.005483436165179	4.545009435129011	2.538883242813189	0.0	2.9718224326639433	0.26431668448959245
Sardinian:HGDP01072.HO	12.538539478438912	2.8259400912921517	4.9263371797050155	2.180302155369132	2672.2571056173583	2.3339629914422133	0.21012261060644893
Sardinian:HGDP01073.HO	12.880717368982063	5128.786258210866	10.123949476171717	0.0	1599.7189819218409	5.417826026655354	0.9002431640264262
Sardinian:HGDP01074.HO	11.432447837822423	2.9687558420472504	6.6434908768397385	1.7420962467904029	0.0	1.679054106278701	0.6122202770995868
Sardinian:HGDP01075.HO	11.856889273965152	0.626217943068494	5.695300867960484	0.08488125312991873	0.11914794321227712	2.1341770163843403	1.0584354632672264
Sardinian:HGDP01076.HO	11.51935569246506	0.9081765409025436	7.516094803046124	1.619226308534005	9029.998513387834	3.0448047237827045	1.3345762132733097
Sardinian:HGDP01077.HO	14.926357929736842	0.9747127296853955	5.8220478805368225	3.789606495583982e-12	0.376600797421386	1.2300013355426949	0.1012495194475976
Sardinian:HGDP01078.HO	24.866970145410004	0.7208665644298282	8.397290491723444	2.4455970410805254	0.9535380199978539	0.9882231063575058	11230.353188908433
Sardinian:HGDP01079.HO	12.683958497170332	1.3869682152981353	6.170572824582393	1.1770197424229007	0.0	2.5079322935733206	0.4506784839745749
Icelandic:NA15762.HO	15.962100562766214	12.752595655439224	7.65246098781447	347514.2695827321	101543.05937302465	1.2555306515107847	37101.96962998784
Greek:NA17373.HO	10.43489882196328	5.99390765076415	4.807286674667237	4417.340949343137	4.416137175466196	2173.783842307623	1.7210801824409483
Icelandic:NA15755.HO	14.136220323927862	17.521314180087803	10.981200682248902	1.3214744131833425	0.0	0.0	0.0
Icelandic:NA15763.HO	6.874904736806286	12.419888724471326	9.011179561241875	0.0	0.12372157456797706	0.43449290904554055	0.3074065579630998
Icelandic:NA15756.HO	18.401551013497784	18.119744378791424	9.666787409760765	0.0	0.0	6650.614377032267	540.1772615229414
Icelandic:NA15764.HO	17.938479484407008	18.15184340230644	6.661710603011344	0.0	0.0	0.0	0.0
Greek:NA17375.HO	10.682701446661861	6.2678410547489785	1.9067170542345566	0.7834968493633052	1.6709958297605608e-12	4.270133080735524	0.2613088710250572
Icelandic:NA15757.HO	17.001127323123075	15.97421064028262	9.839681722521144	0.43215278046372124	0.0	0.0	8.219326539671189e-11
Icelandic:NA15765.HO	16.108698242232343	18.912831681092445	10.854597438917661	23347.66142691596	239.87522074477474	247.07778824816637	1129.0681496247594
Greek:NA17376.HO	7.0044637221039165	3.578753898441598	2.269189564644381	0.0	1.4832602208183672	3.0108877605210123	4.788375334862946
Icelandic:NA15758.HO	7.485012892383775	12.659629337358417	7.64214709824419	0.0	0.0	1.605109259766076	0.5251183543465003
Icelandic:NA15766.HO	16.56697821425085	18.47132794513996	9.522463425191917	17637.349604204177	308.7014147215264	423.7235768471973	183.3282059320805
Icelandic:NA15759.HO	7.774451215454717	19.43012719701499	7.512581126400928	0.0	6068.186537965717	0.0	0.8489798778228399
Icelandic:NA15760.HO	5.371276250151516	20.571085591260506	6.54969118598922	1.7535697326261617	93655.47767212821	41550.776930662716	0.8223196395210369
Icelandic:NA15761.HO	14.485579557262895	11.72642239316852	8.74934402557271	0.0	0.0	1.412112922561959	3178.6272374068762
Greek:NA17372.HO	8.55951428159687	5.615407944846337	4.28967822235383	0.7502473970443871	0.0	4.239326339288326	1.317837033711456
Sicilian:TP08.HO	9.80576152896162	5.808380504396082	2.171503789072675	1.8551943871000027	846.611779524465	3.8699084547534666	1.0506517151135712
Greek:GREEKGRALPOP18.HO	10.357548735569031	9.632395120343563	2.6447465101402963	76.20154637781205	34.99186791342436	0.7787890600143313	2.023796758421509
Sicilian:SR23.HO	16.720402721120536	3.3898705410312386	4.491156454424956	1.1628327965617093	18015.158762725994	6.826676343106116	0.0
Sicilian:TP05.HO	17.994241606842895	4.350617425247713	2.9985207828915454	4.68154617509684	0.5232836114200701	3.8779732880923112	1311.1979846595516
Sicilian:SR60.HO	9.648458852261037	4.352952692490978	2.836878358787463	3.221879086048639	1317.835009430995	4.5349826635308395	1.1213529867099228
Sicilian:TP06.HO	21.419476187505513	6.402838004875285	0.9467608798000421	5.118128737325724	0.0	2.4409834584766372	20.69728208626381
Greek:GREEKGRALPOP13.HO	10.321571851877115	5.6954407139566205	5.166888999517185	0.0	0.0	5.502804698790658	1.5068247119545526
Sicilian:TP07.HO	8.663827895002898	4.968823271600302	3.055832375797528	4.032906847824026	58134.308829370064	6.295379442871399	0.3076738948898457
Greek:GREEKGRALPOP15.HO	21.8741089579274	6.852509942717244	3.507550356465621	3.086139376922159e-11	0.0	3.5569472837490625	1038.37318888105
Greek:GREEKGRALPOP5.HO	20.184234910855796	6.170972420207302	4.027701643657021	1.3740732777930613	0.23232582579181837	2.5119967297963117	35.528105781222166
Greek:GREEKGRALPOP9.HO	11.497639224139936	5.7976340609842385	5.826021508521947	618.5564039911112	139.66013592583022	2.9903549213176563	0.9083621679158603
Sicilian:TP04.HO	5.857177223812655	4.52789445701944	4.26687674667599	0.8708861217667778	1.120506326175851	3.628276736754683	3.3370076997935296
Sicilian:TP25.HO	7.3353573621176125	4.929429743615006	3.9587209533914014	3.8803588338355095e-12	0.026295266746537992	7.38516775927235	3.9283531762856896
Greek:GREEKGRALPOP4.HO	11.120241281544308	6.57121918574368	2.5432088902313432	1308.7176707178783	0.6098825982409231	0.6143476054466914	2.3330599129464464
Sicilian:SR48R.HO	9.447241155917553	6.33438756975643	2.6798103743130595	2.6737518209850015	0.0	5.465650135109016	0.5328600492918621
Sicilian:SR44.HO	8.978304083136749	5.477082605481368	1.8982953551060515	1.1184072542977836	6816.915918013042	4.656700332028843	0.921571802836487
Sicilian:SR64.HO	9.108457424150652	4.635934127435403	4.0709461134895895	3.522885195203064	0.0	6.1421492952594265	0.26724373455015177
Greek:GREEKGRALPOP17.HO	7.985515645845006	8.099864694364234	3.774831457054397	0.484752328157647	32155.59723744355	2.012541842943041	1.8218688930083884
Greek:GREEKGRALPOP16.HO	8.00408651642305	7.665891744029175	3.233114732601163	0.3251962018986411	4.498844050922068	0.0	1.169434102273795
Greek:GREEKGRALPOP11.HO	10.291651184480116	7.0429419186538835	4.3723194601441255	0.0	0.0	4.038664775425647	2.112708961958677
Greek:GREEKGRALPOP10.HO	6.88712843432459	8.214030297384664	2.337851536489769	0.18938005194843163	1.2040276441744227	0.03714307950899829	3.5621732214182136
Greek:GREEKGRALPOP3.HO	10.500800838726061	6.093675271237476	3.831955670261156	61947.76612081395	0.9247363878180419	1.283082665442613	0.9585604094463881
Greek:GREEKGRALPOP8.HO	8.967388059811789	6.255100439064174	2.209103480225256	0.11505993132959223	1.659001660528954	1.4471983815564253	1.4586705933428024
Greek:GREEKGRALPOP12.HO	21.715891816855322	8.452429693820276	3.0210531270490604	2.205930663351301	0.0	0.9997987009729175	0.0
Greek:GREEKGRALPOP14.HO	9.907303005884566	7.9327078657821355	2.3179828733293224	36127.85218616524	8588.25460079467	4.111502478581803	2.354949815170088
Czechia_EBA_CordedWare:I6696.SG	5.201487787911832	17.618028024863076	5.865073192972746	0.0	14823.759970131108	1.0081681925028885e-09	1.2197427912076761
Sardinian:B_Sardinian-3.DG	12.206323870553133	1.1459312699147701	6.661840484379746	1.9337321722153107	0.0	2.9743916966545907	0.8029897363006622
Greek:S_Greek-2.DG	9.510967552849845	5.214655673697649	0.0	0.0	1.9244690504293491	3.5492109831574576	3.0996909190280113
Icelandic:S_Icelandic-1.DG	14.320476413459856	11.47532763051552	9.036760980190408	0.0	0.0	1.3784577725977978	31331.525774382757
Icelandic:S_Icelandic-2.DG	7.631365682079039	12.865311854760305	8.832679200932422	202735.6892451596	4.3272607341525886e-16	0.7248612008370564	0.4298652396636483
Orcadian:S_Orcadian-1.DG	7.362015542935346	13.260797120866524	5.1940585247178594	0.22953046382045383	0.0	0.09448759713126244	0.26871343314567103
Orcadian:S_Orcadian-2.DG	16.50500035757188	12.755075125187744	8.450666333400104	0.0	14435.953334756798	0.5652571053265197	0.0
Sardinian:S_Sardinian-1.DG	12.44289045337372	1.1592493279148517	6.508572942935524	0.8584524708201942	0.0	2.5441306593081303	0.8264768978017095
Sardinian:S_Sardinian-2.DG	24.407340440613527	0.941736306476283	8.329672047118843	2.35588918474728	0.9973533365734876	0.9307848834574808	0.0
Sardinian:HGDP00665.DG	12.170035285096384	0.5040381712559959	6.688848863055758	1.733405855090651	0.0	3.6722463677716632	0.7118262022532749
Sardinian:HGDP00666.DG	11.962163218559867	3.6278160380098954	5.39141484808704	1.2824782323214552	0.1587447013349925	1806.1134920807713	0.7533513146362366
Sardinian:HGDP00667.DG	26.76159874962259	3.231403242484874	5.421080114845758	0.4366492630806137	208.03825566298872	2.7841650637782727	25.838715905813377
Sardinian:HGDP00668.DG	11.5558180302205	3.6327483963234255	6.055472216762523	1.4121229904567716	0.15727954007911146	0.0	1.8410824147866784
Sardinian:HGDP00669.DG	25.44909633603893	1.451361198196379	7.699071597842022	3.0283015856538826	0.22478365082760726	0.5673991523704236	0.0
Sardinian:HGDP00670.DG	13.151485633763208	1.7803037569830071	7.55292357265429	0.8837716027474065	0.0	0.4600058885679258	0.21750252772014486
Sardinian:HGDP00671.DG	10.936517096281941	3.3702392969422386	7.056112032512228	1.0422945760712705	11327.835593177773	2.475003050765605	0.6379514648170996
Sardinian:HGDP00672.DG	11.35607967566506	3.617028647460082	4.643242385062039	0.8669327070421263	194280.50231393916	0.5961062565736297	0.3951960899408695
Sardinian:HGDP00673.DG	11.66182125867734	1.9830790248666177	7.348389697314334	1.5293771501873137	0.0	2.393481297301798	1.4350035846677527
Sardinian:HGDP00674.DG	14.085824727476721	1.57291018866082	5.893397609398019	0.0	574.8431050617578	2.2668877361148674	0.7331485849338947
Orcadian:HGDP00794.DG	11.36048891865573	14.436177173714745	4.8960640215415285	0.5325018219888572	21.171281543471792	1.6579483774465953	1737.6206766155685
Orcadian:HGDP00795.DG	7.047229371655578	20.392056782946675	4.534818884617287	0.0	0.0	1.373408955901274e-09	0.42048697291796344
Orcadian:HGDP00796.DG	15.829567988335466	12.76939438208494	8.190849155193497	0.0	17841.415225206492	0.9663324581515398	0.0
Orcadian:HGDP00797.DG	14.151597614523226	12.908775731861613	7.235250247274653	0.0	0.0	1.0871399084356712	1.9276834108566887e-08
Orcadian:HGDP00798.DG	7.177941791676662	13.217942914721522	4.496619832046417	0.1081791892221387	0.0007759165058903645	0.10757001363468743	0.39284495160747107
Orcadian:HGDP00799.DG	19.28686312027979	18.879154732289976	5.593336494266305	29193.486378893827	7725.514055094481	204.59040958077608	173.6787629993738
Orcadian:HGDP00800.DG	18.67185226327446	20.90182359704475	6.701874934256292	23746.547486700838	8393.441299121889	0.0	10035.580228610408
Orcadian:HGDP00802.DG	15.572667894352149	18.735172147444295	4.923240932794344	0.8142318339083776	248.65434913570562	3621.1181502603968	1373.347460614249
Orcadian:HGDP00803.DG	13.28292527490626	13.019951338090484	6.650214898638655	0.0	0.0	2.3452821195244544	0.0
Orcadian:HGDP00804.DG	16.620362151556634	12.265780772989713	9.183863283161836	0.0	0.0	0.018403489345732868	94334.7926593516
Orcadian:HGDP00805.DG	15.052966529832887	13.412304572308303	8.335775483036675	1509070.6441633017	0.27504381197447075	41774.7752687351	38671.58190844471
Orcadian:HGDP00806.DG	17.97266455956557	17.298979665810858	9.009046383995607	0.0	0.0	0.0	10398.28876448502
Orcadian:HGDP00807.DG	16.094760528657464	11.208825023802639	7.229869146445126	222666.446878933	582.9228377129973	1.6170574449899242	2807.792176906793
Orcadian:HGDP00808.DG	17.339088773037272	19.803650518752523	6.4397924384751475	0.0	524323.9518537553	321206.53002764226	0.0
Orcadian:HGDP00810.DG	14.144045626434487	12.983660294583915	4.801653891097965	0.3040058148189081	77.01937651663337	2.2597440837724263	11.863497740913473
Sardinian:HGDP01062.DG	11.555825511004658	1.5198176173215614	6.566850494510669	0.0	0.0	2.2701102607992767	2.4908405673694642
Sardinian:HGDP01063.DG	13.507852688665137	1.9641546482136858	5.5722028202879335	9.274015823062804e-12	973.5233529138541	2.192841710942457	2.0940038180804845
Sardinian:HGDP01064.DG	13.4585445686049	2.6975534691032452	4.420689013823814	0.9390093491115246	35067.31964993487	1.8752184339530853	0.20258582551492238
Sardinian:HGDP01065.DG	26.983382712128112	1.5598872219748336	5.915654846547031	3.399735395794374	0.0	2.542726280958235	4.656752611259423
Sardinian:HGDP01066.DG	26.033635679370576	1.7213982814493027	6.544525736567074	3.4976723894312176	325.34198658860686	1.1643401339047355	160.52646316392116
Sardinian:HGDP01067.DG	10.441653518071229	0.6856967953660184	8.471256855517812	0.0	1.3848774967369772	0.3554286286851974	2.4726466866803194
Sardinian:HGDP01068.DG	13.061474583977008	0.466592315782548	7.596052175435242	0.0	0.6213101333169782	0.7420587018319238	1.9205983326250187
Sardinian:HGDP01069.DG	10.786555780755792	2.532439788184085	4.786881363417629	1.3359256927048382	0.39723758597269965	1.4217621757864856	0.287149737302963
Sardinian:HGDP01070.DG	24.724903863326702	2.6944760757138235	4.624303946015117	3.013576800106411	13708.991909490278	0.7490573605594149	1477.739219575374
Sardinian:HGDP01071.DG	23.337792943506425	1.946350941709395	4.698659204042185	3.242550270123505	37.33994560107531	2.9998099638442155	0.0
Sardinian:HGDP01072.DG	13.03124837138455	2.8632529483926152	4.584436571436806	2.363248082704554	14246.332509995924	2.068560218852446	0.11648409602900421
Sardinian:HGDP01073.DG	12.439676196756182	3.057397332138259e-20	9.105363703568996	0.33252422273375415	2031.138994043319	4.92546189651334	0.26616668523971243
Sardinian:HGDP01074.DG	11.989621603353891	3.088080114769643	6.344347478802245	1.963554139534813	0.0	1.6117703324349009	0.37623754468270415
Sardinian:HGDP01075.DG	12.120886255946385	1.0134978133563066	5.583527600737033	0.4668659625154885	0.17691651953157642	1.8502232276201351	0.6299402757517648
Sardinian:HGDP01076.DG	11.747023845733738	0.7189465349151082	7.491953836168221	1.8100084160311514	0.0	3.1665502190025867	0.7898645118728929
Sardinian:HGDP01077.DG	12.421626640226593	1.1466238402206985	6.0042226485770644	0.23815403031635193	0.30554891474835016	1.1977771809879196	0.25006398609656727
Sardinian:HGDP01078.DG	24.68438618863722	1.089634699687518	8.12729777188233	2.222060487112927	0.8736894682493757	1.0218611210679827	3057.899017291069
Sardinian:HGDP01079.DG	12.855016405176237	1.8505532373913434	5.504360151606626	1.1572525441807207	6541.867219703998	2.376183070272846	0.46141950947298876
